{
  "regions": {
    "west": {
      "states": {
        "california": [
          "los-angeles", "san-diego", "san-jose", "san-francisco", "fresno",
          "sacramento", "oakland", "bakersfield", "stockton", "riverside",
          "santa-ana", "anaheim", "irvine", "long-beach", "modesto",
          "glendale", "huntington-beach", "santa-clarita", "garden-grove",
          "oceanside", "rancho-cucamonga", "ontario-ca", "santa-rosa", "elk-grove",
          "corona", "lancaster", "palmdale", "salinas", "pomona", "hayward",
          "escondido", "sunnyvale", "torrance", "pasadena", "orange-ca",
          "fullerton", "thousand-oaks", "roseville", "concord", "simi-valley",
          "santa-clara", "victorville", "vallejo", "berkeley", "el-monte",
          "downey", "costa-mesa", "inglewood", "san-buenaventura", "murrieta"
        ],
        "arizona": [
          "phoenix", "tucson", "mesa", "chandler", "scottsdale",
          "glendale-az", "gilbert", "tempe", "peoria-az", "surprise",
          "yuma", "avondale", "goodyear", "flagstaff", "buckeye"
        ],
        "nevada": [
          "las-vegas", "henderson", "reno", "north-las-vegas", "sparks",
          "carson-city", "elko", "boulder-city"
        ],
        "oregon": [
          "portland", "salem", "eugene", "gresham", "hillsboro",
          "beaverton", "bend", "medford", "springfield-or", "corvallis"
        ],
        "washington": [
          "seattle", "spokane", "tacoma", "vancouver-wa", "bellevue",
          "kent", "everett", "renton", "spokane-valley", "federal-way",
          "yakima", "bellingham", "kirkland", "auburn-wa", "redmond"
        ],
        "colorado": [
          "denver", "colorado-springs", "aurora-co", "fort-collins", "lakewood",
          "thornton", "arvada", "westminster-co", "pueblo", "centennial",
          "boulder", "greeley", "longmont", "loveland"
        ],
        "utah": [
          "salt-lake-city", "west-valley-city", "provo", "west-jordan", "orem",
          "sandy", "ogden", "st-george", "layton", "south-jordan"
        ]
      }
    },
    "southwest": {
      "states": {
        "texas": [
          "houston", "san-antonio", "dallas", "austin", "fort-worth",
          "el-paso", "arlington-tx", "corpus-christi", "plano", "laredo",
          "lubbock", "garland", "irving", "amarillo", "grand-prairie",
          "brownsville", "mckinney", "frisco", "pasadena-tx", "killeen",
          "mcallen", "mesquite", "midland", "denton", "waco",
          "carrollton", "round-rock", "abilene", "pearland", "richardson",
          "college-station", "league-city", "sugar-land", "longview", "beaumont",
          "odessa", "tyler", "conroe", "new-braunfels", "edinburg"
        ],
        "new-mexico": [
          "albuquerque", "las-cruces", "rio-rancho", "santa-fe", "roswell",
          "farmington", "clovis-nm"
        ],
        "oklahoma": [
          "oklahoma-city", "tulsa", "norman", "broken-arrow", "lawton",
          "edmond", "moore", "midwest-city"
        ]
      }
    },
    "midwest": {
      "states": {
        "illinois": [
          "chicago", "aurora-il", "rockford", "joliet", "naperville",
          "springfield-il", "peoria-il", "elgin", "waukegan", "champaign"
        ],
        "ohio": [
          "columbus", "cleveland", "cincinnati", "toledo", "akron",
          "dayton", "parma", "canton", "youngstown", "lorain"
        ],
        "michigan": [
          "detroit", "grand-rapids", "warren", "sterling-heights", "ann-arbor",
          "lansing", "flint", "dearborn", "livonia", "troy-mi"
        ],
        "indiana": [
          "indianapolis", "fort-wayne", "evansville", "south-bend", "carmel",
          "fishers", "bloomington-in", "hammond", "gary", "muncie"
        ],
        "wisconsin": [
          "milwaukee", "madison", "green-bay", "kenosha", "racine",
          "appleton", "waukesha", "eau-claire", "oshkosh", "janesville"
        ],
        "minnesota": [
          "minneapolis", "saint-paul", "rochester-mn", "duluth", "bloomington-mn",
          "brooklyn-park", "plymouth-mn", "saint-cloud", "eagan", "woodbury-mn"
        ],
        "missouri": [
          "kansas-city", "saint-louis", "springfield-mo", "columbia-mo", "independence",
          "lees-summit", "ofallon", "saint-joseph", "saint-charles", "blue-springs"
        ],
        "iowa": [
          "des-moines", "cedar-rapids", "davenport", "sioux-city", "iowa-city",
          "waterloo", "council-bluffs", "ames", "dubuque"
        ],
        "kansas": [
          "wichita", "overland-park", "kansas-city-ks", "olathe", "topeka",
          "lawrence", "shawnee", "manhattan-ks", "lenexa", "salina"
        ]
      }
    },
    "southeast": {
      "states": {
        "florida": [
          "jacksonville", "miami", "tampa", "orlando", "st-petersburg",
          "hialeah", "tallahassee", "fort-lauderdale", "port-st-lucie", "cape-coral",
          "pembroke-pines", "hollywood-fl", "miramar", "gainesville-fl", "coral-springs",
          "miami-gardens", "clearwater", "palm-bay", "pompano-beach", "west-palm-beach",
          "lakeland", "davie", "boca-raton", "sunrise", "plantation",
          "deltona", "fort-myers", "palm-coast", "deerfield-beach", "melbourne-fl"
        ],
        "georgia": [
          "atlanta", "augusta", "columbus-ga", "macon", "savannah",
          "athens", "sandy-springs", "roswell-ga", "johns-creek", "albany-ga",
          "warner-robins", "alpharetta", "marietta", "valdosta", "smyrna-ga"
        ],
        "north-carolina": [
          "charlotte", "raleigh", "greensboro", "durham", "winston-salem",
          "fayetteville", "cary", "wilmington-nc", "high-point", "greenville-nc",
          "asheville", "concord-nc", "gastonia", "jacksonville-nc", "chapel-hill"
        ],
        "south-carolina": [
          "charleston", "columbia-sc", "north-charleston", "mount-pleasant", "rock-hill",
          "greenville-sc", "summerville", "goose-creek", "hilton-head", "spartanburg"
        ],
        "tennessee": [
          "nashville", "memphis", "knoxville", "chattanooga", "clarksville",
          "murfreesboro", "franklin-tn", "jackson-tn", "johnson-city", "bartlett"
        ],
        "alabama": [
          "birmingham", "montgomery", "mobile", "huntsville", "tuscaloosa",
          "hoover", "dothan", "auburn-al", "decatur", "madison-al"
        ],
        "louisiana": [
          "new-orleans", "baton-rouge", "shreveport", "lafayette", "lake-charles",
          "kenner", "bossier-city", "monroe-la", "alexandria-la"
        ],
        "mississippi": [
          "jackson-ms", "gulfport", "southaven", "hattiesburg", "biloxi",
          "meridian", "tupelo", "greenville-ms", "olive-branch"
        ]
      }
    },
    "northeast": {
      "states": {
        "new-york": [
          "new-york-city", "buffalo", "rochester", "yonkers", "syracuse",
          "albany", "new-rochelle", "mount-vernon-ny", "schenectady", "utica"
        ],
        "pennsylvania": [
          "philadelphia", "pittsburgh", "allentown", "reading", "scranton",
          "bethlehem", "lancaster-pa", "harrisburg", "erie", "york-pa"
        ],
        "new-jersey": [
          "newark", "jersey-city", "paterson", "elizabeth", "edison",
          "woodbridge", "lakewood-nj", "toms-river", "hamilton-nj", "trenton"
        ],
        "massachusetts": [
          "boston", "worcester", "springfield-ma", "lowell", "cambridge",
          "new-bedford", "brockton", "quincy", "lynn", "fall-river"
        ],
        "connecticut": [
          "bridgeport", "new-haven", "stamford", "hartford", "waterbury",
          "norwalk", "danbury", "new-britain", "meriden", "bristol-ct"
        ],
        "maryland": [
          "baltimore", "frederick", "rockville", "gaithersburg", "bowie",
          "hagerstown", "annapolis", "college-park", "salisbury-md"
        ],
        "virginia": [
          "virginia-beach", "norfolk", "chesapeake", "richmond", "newport-news",
          "alexandria-va", "hampton", "roanoke", "portsmouth-va", "suffolk",
          "lynchburg", "harrisonburg", "charlottesville", "danville-va"
        ]
      }
    }
  },
  "metadata": {
    "total_cities": 350,
    "total_states": 30,
    "last_updated": "2024-12-03"
  }
}
